{
  "train_loss": [
    0.3051911886810787,
    0.20843665308839693,
    0.11448271555430073,
    0.08218756108388936,
    0.06505269050225983,
    0.05090280198996271,
    0.05434540712568399,
    0.042451611646097225,
    0.04039980228074806,
    0.0318433918057354,
    0.029039300875727377,
    0.03233279254303867,
    0.035633346876767336,
    0.02394107932948498,
    0.0229944973502276,
    0.021000708902642197,
    0.022660446272333473,
    0.026490848190606868,
    0.021039830469921608,
    0.017896340079465074,
    0.014605097644074232,
    0.014169067509780664,
    0.01610699131470117,
    0.017039584195767624,
    0.01478698124673529,
    0.015571608290596683,
    0.0130035837152593,
    0.01792221468740347,
    0.01681005151489542,
    0.012673151394330987
  ],
  "val_loss": [
    0.2320338655380333,
    0.10894307303798836,
    0.04045230750603683,
    0.037800333011088566,
    0.02179891703326003,
    0.025095686159342073,
    0.02382129480508222,
    0.022429492900449016,
    0.018918831106953037,
    0.025873681678777075,
    0.009276549648124926,
    0.0069162498371392956,
    0.00578652813210898,
    0.008355330617969442,
    0.004926010826404306,
    0.007671594232131771,
    0.015930582081436665,
    0.005636021823360675,
    0.00592363680302112,
    0.005182345321153788,
    0.004256991436551293,
    0.010112033841439683,
    0.00905068081961807,
    0.0036758825058550585,
    0.003941806272913746,
    0.005691730118793866,
    0.004706924365736328,
    0.007390556892730071,
    0.007118755736264904,
    0.0027565074647530356
  ],
  "train_acc": [
    89.84929078014184,
    92.05082742316785,
    95.4688731284476,
    96.96611505122144,
    97.69011032308904,
    98.2318754925138,
    98.2171000788022,
    98.50768321513003,
    98.61111111111111,
    98.92631993695824,
    99.03467297084319,
    98.86721828211189,
    98.87214342001576,
    99.22675334909377,
    99.18735224586288,
    99.27107959022852,
    99.27600472813239,
    99.16765169424744,
    99.33510638297872,
    99.44838455476753,
    99.47793538219071,
    99.55673758865248,
    99.38435776201733,
    99.50256107171,
    99.50748620961387,
    99.50748620961387,
    99.5665878644602,
    99.45823483057525,
    99.57151300236407,
    99.54196217494089
  ],
  "val_acc": [
    89.91331757289204,
    95.42947202521671,
    98.56185973207249,
    98.71946414499605,
    99.31048069345941,
    99.17257683215131,
    99.34988179669031,
    99.36958234830576,
    99.42868400315209,
    99.33018124507487,
    99.58628841607565,
    99.84239558707644,
    99.76359338061465,
    99.74389282899921,
    99.84239558707644,
    99.70449172576832,
    99.68479117415288,
    99.80299448384555,
    99.84239558707644,
    99.84239558707644,
    99.84239558707644,
    99.74389282899921,
    99.78329393223011,
    99.88179669030733,
    99.84239558707644,
    99.822695035461,
    99.80299448384555,
    99.80299448384555,
    99.76359338061465,
    99.88179669030733
  ]
}