{
  "train_loss": [
    0.31740855472375296,
    0.2741288061132848,
    0.251142467667273,
    0.23709875186155097,
    0.23019655132446748,
    0.219129302942843,
    0.2084786871443573,
    0.20681366340410864,
    0.2019417020929581,
    0.19575496956265773,
    0.19056538618823257,
    0.18792525464894902,
    0.18423721505800078,
    0.18163670062353146,
    0.18252479877733047,
    0.1790972756267097,
    0.17711650490671701,
    0.17699012999572555
  ],
  "train_acc": [
    71.32082939378614,
    75.54695573781305,
    77.60724730095208,
    78.92873633984917,
    79.47404296488489,
    80.63281954308582,
    81.79159612128674,
    81.94331449680072,
    82.41825897667056,
    83.19883902460477,
    83.51326986081489,
    83.81230897776996,
    84.1157457287979,
    84.364212053915,
    84.29165109171265,
    84.63246773235998,
    84.90951867895072,
    84.8831328745135
  ],
  "val_loss": [
    0.2810675262797063,
    0.2494838291624595,
    0.22996974589745875,
    0.21617011722496876,
    0.21457780676510096,
    0.20345516315282816,
    0.19860192341140553,
    0.18855761260884052,
    0.19256864619898478,
    0.18384221885693894,
    0.17995386798086715,
    0.1734719606988792,
    0.17282046135593568,
    0.1705870374083603,
    0.17083240648582262,
    0.17113795988104513,
    0.1618309616047035,
    0.16450470590075864
  ],
  "val_acc": [
    74.89006156552331,
    77.6693051890941,
    79.09410729991205,
    80.84432717678101,
    81.16974494283201,
    82.37467018469657,
    82.56816182937555,
    83.96657871591908,
    83.57080035180299,
    84.18645558487248,
    84.37994722955145,
    85.03957783641161,
    85.59366754617415,
    85.76956904133685,
    85.45294635004397,
    85.68161829375549,
    86.53474054529464,
    86.2796833773087
  ]
}